paso,columna,accion,detalle,filas_afectadas,pct_filas,filas_restantes,razon
entrada,,lectura,tabla analitica cruda,0,0.0,281462,Punto de partida para medir el efecto de cada politica.
deduplicacion,ocid,conservar_mas_reciente,orden por fecha_publicacion descendente,0,0.0,281462,"El paquete OCDS entrega releases compiladas. Un mismo ocid puede aparecer mas de una vez cuando el proceso fue republicado tras una modificacion. Conservamos la version con fecha de publicacion mas reciente porque es la que refleja el estado final del proceso, y descartamos las anteriores."
limpieza,objeto,normalizar_texto,"trim, mayusculas, espacios colapsados",63126,22.428,281462,"El objeto contractual se digita libremente por cada entidad, con mezcla de mayusculas, minusculas y espacios dobles. Sin normalizar, el shingling de la Parte II produciria falsos negativos entre textos identicos que solo difieren en formato."
limpieza,comprador_nombre,normalizar_texto,"trim, mayusculas, espacios colapsados",16520,5.869,281462,El nombre de la entidad compradora se usa como etiqueta en el EDA y como entidad en la Parte II. La normalizacion evita que la misma entidad se cuente dos veces por diferencias de capitalizacion.
limpieza,proveedor_principal_nombre,normalizar_texto,"trim, mayusculas, espacios colapsados",4925,1.75,281462,Mismo criterio que el comprador. Ademas es la clave visible para interpretar los pares similares que devuelva LSH.
limpieza,monto_pen,descartar_fila,condicion: monto_pen IS NULL OR monto_pen <= 0,22830,8.111,258632,"El monto referencial en soles es la variable central de las tres preguntas de interes. Un proceso sin monto o con monto no positivo no admite imputacion defendible, porque el valor no es un dato faltante al azar sino un proceso mal publicado o reservado por ley. Imputar la mediana inventaria gasto publico que no existe, asi que se descarta la fila y se reporta cuantas se perdieron."
limpieza,fecha,descartar_fila,condicion: fecha IS NULL,0,0.0,258632,"La dimension temporal ordena el flujo de la Parte IV y sostiene el analisis de estacionalidad. Una fila sin fecha no puede ubicarse en la secuencia, y son muy pocas, asi que se elimina."
limpieza,fecha,descartar_fila,condicion: year(fecha) < 2023 OR year(fecha) > 2025,81234,31.409,177398,"El paquete anual del registro OCDS no contiene solo los procesos convocados ese anio: arrastra procesos antiguos que recien entonces fueron publicados o corregidos. En el paquete 2024, por ejemplo, casi la mitad de las filas corresponde a convocatorias de 2015 y 2016. Mezclarlas haria que la serie temporal muestre picos que son un artefacto de publicacion y no actividad real de contratacion. Se restringe el analisis a la ventana 2023 a 2025, que esta cubierta por los tres paquetes descargados. Ampliar la ventana es cambiar esta sola linea del perfil."
limpieza,n_postores,imputar_mediana,"mediana dentro de cada metodo_detalle, con respaldo en la mediana global",6655,3.751,177398,"El numero de postores falta de forma sistematica en ciertos metodos de contratacion, no al azar. Imputar la mediana global mezclaria una licitacion publica con una adjudicacion de menor cuantia. La mediana dentro del mismo metodo respeta esa estructura y es robusta frente a la cola larga. Se conserva la columna n_postores_imputado para poder excluir estos casos en cualquier analisis posterior."
limpieza,departamento,imputar_constante,nulos reemplazados por 'NO DECLARADO',0,0.0,177398,"El departamento proviene del registro de la entidad compradora y falta cuando la entidad no declaro domicilio. No se puede inferir sin riesgo de sesgar el analisis territorial, de modo que se mantiene como categoria explicita y visible en lugar de borrarse en silencio."
limpieza,categoria,imputar_constante,nulos reemplazados por 'sin_categoria',0,0.0,177398,"La categoria principal de contratacion (bienes, servicios, obras) es casi completa. Los pocos nulos se agrupan en una categoria propia para que no desaparezcan de los conteos ni se confundan con otra clase."
limpieza,monto_pen,marcar_outliers,"iqr_log, factor 3.0, limites en escala de calculo [6.364, 17.990], se marca sin eliminar",565,0.318,177398,"El monto sigue una distribucion de cola muy larga: conviven compras de unos miles de soles con obras de cientos de millones. Aplicar el criterio del rango intercuartilico sobre el logaritmo reconoce esa asimetria. La decision clave es que los extremos se marcan, no se eliminan: en contratacion publica los montos altos son justamente los casos de mayor interes para las preguntas de concentracion del gasto. Eliminarlos destruiria el fenomeno que se quiere estudiar."
limpieza,n_postores,recortar,"winsorizado a [1, 107] (p0 a p0.999)",263,0.148,177398,"Se observan valores de postores absurdamente altos, propios de errores de carga en el SEACE. A diferencia del monto, aqui el extremo no tiene lectura sustantiva, asi que se winsoriza al percentil 99.9 en lugar de descartar la fila completa y perder su monto y su objeto."
