departamento,proveedores,monto_millones,gini
PASCO,1282,3545.6040758999998,0.9089586676506479
LIMA,20504,72147.90341871,0.8994204266867148
HUANCAVELICA,1958,2469.45602273,0.832651525850048
LORETO,2011,4536.32573154,0.8248399976541073
JUNIN,3428,5038.68355654,0.819584862760212
SAN MARTIN,1810,2946.55101316,0.8063798604382233
LA LIBERTAD,3295,5268.10813925,0.7968107845084536
AREQUIPA,3153,4536.43301076,0.7923823188897807
LAMBAYEQUE,1739,2937.56549371,0.7910824745240441
PIURA,3282,5449.31073301,0.7891910935337366
CALLAO,1820,2555.3388678100005,0.7823525332195167
CAJAMARCA,3438,4454.73822599,0.7789725024533425
AMAZONAS,1470,1874.8787209099999,0.7747258703261616
CUSCO,6067,5298.20846321,0.7725728487903121
ICA,2106,3192.42865085,0.7664965870775057
TACNA,1123,1188.5358366300002,0.7612668648953468
HUANUCO,2717,2805.31090345,0.7595634823471675
AYACUCHO,3143,2786.4290726500008,0.757442779415501
PUNO,2943,2721.8067166700002,0.7539674365713653
MOQUEGUA,1198,961.81169324,0.7449696634646474
UCAYALI,1896,1717.7534254500001,0.744536788059132
APURIMAC,2142,1616.95431172,0.7317391615044053
TUMBES,576,728.37519841,0.7298178387183498
MADRE DE DIOS,555,392.34598166,0.7163792710672303
ANCASH,5418,4568.54287919,0.710620176533272
