desde,hasta,procesos
0.04,0.07,0
0.07,0.12,0
0.12,0.21,0
0.21,0.38,0
0.38,0.66,0
0.66,1.15,12
1.15,2.01,4
2.01,3.52,1
3.52,6.16,42
6.16,10.79,1
10.79,18.88,2
18.88,33.05,2
33.05,57.84,0
57.84,101.23,1
101.23,177.18,1
177.18,310.11,1
310.11,542.75,7
542.75,949.93,32
949.93,1662.58,34
1662.58,2909.88,92
2909.88,5092.9,275
5092.9,8913.66,780
8913.66,15600.79,988
15600.79,27304.7,1913
27304.7,47789.02,4264
47789.02,83640.93,35064
83640.93,146389.39,33901
146389.39,256212.51,30798
256212.51,448426.28,24928
448426.28,784841.18,15550
784841.18,1373638.67,9830
1373638.67,2404159.27,6794
2404159.27,4207789.07,4500
4207789.07,7364524.1,3018
7364524.1,12889480.52,2064
12889480.52,22559327.07,1077
22559327.07,39483611.24,639
39483611.24,69104701.2,346
69104701.2,120947896.57,181
120947896.57,211684493.67,124
211684493.67,370492800.07,75
370492800.07,648441047.92,36
648441047.92,1134909484.19,20
