pct_proveedores,pct_monto
1e-05,0.0
0.00504,1e-05
0.01006,3e-05
0.01508,6e-05
0.0201,0.00011
0.02514,0.00017
0.03016,0.00024
0.03518,0.00033
0.0402,0.00043
0.04524,0.00054
0.05026,0.00065
0.05528,0.00077
0.0603,0.00088
0.06534,0.001
0.07036,0.00113
0.07538,0.00126
0.0804,0.00139
0.08544,0.00153
0.09046,0.00166
0.09548,0.0018
0.1005,0.00195
0.10554,0.00209
0.11056,0.00224
0.11558,0.00239
0.1206,0.00255
0.12564,0.00271
0.13066,0.00287
0.13568,0.00303
0.14071,0.0032
0.14573,0.00337
0.15076,0.00354
0.15578,0.00371
0.16081,0.00389
0.16583,0.00407
0.17086,0.00425
0.17589,0.00444
0.18091,0.00462
0.18593,0.00481
0.19096,0.00501
0.19599,0.00521
0.20101,0.00542
0.20603,0.00562
0.21107,0.00584
0.21609,0.00606
0.22111,0.00628
0.22613,0.00651
0.23117,0.00674
0.23619,0.00697
0.24121,0.00721
0.24623,0.00746
0.25127,0.00771
0.25629,0.00796
0.26131,0.00823
0.26633,0.00849
0.27137,0.00877
0.27639,0.00905
0.28141,0.00933
0.28643,0.00962
0.29145,0.00991
0.29649,0.01021
0.30151,0.01052
0.30653,0.01083
0.31155,0.01114
0.31659,0.01147
0.32161,0.0118
0.32663,0.01213
0.33165,0.01248
0.33669,0.01282
0.34171,0.01318
0.34673,0.01353
0.35176,0.0139
0.35679,0.01428
0.36181,0.01466
0.36683,0.01504
0.37186,0.01544
0.37689,0.01584
0.38191,0.01625
0.38694,0.01667
0.39196,0.0171
0.39699,0.01753
0.40201,0.01797
0.40704,0.01842
0.41206,0.01888
0.41709,0.01935
0.42212,0.01982
0.42714,0.0203
0.43216,0.0208
0.43718,0.0213
0.44222,0.02181
0.44724,0.02234
0.45226,0.02287
0.45728,0.02342
0.46232,0.02398
0.46734,0.02455
0.47236,0.02513
0.47738,0.02572
0.48242,0.02632
0.48744,0.02694
0.49246,0.02756
0.49748,0.02821
0.50252,0.02886
0.50754,0.02953
0.51256,0.03021
0.51758,0.0309
0.52262,0.0316
0.52764,0.03232
0.53266,0.03306
0.53768,0.03381
0.54272,0.03457
0.54774,0.03535
0.55276,0.03615
0.55778,0.03697
0.56282,0.0378
0.56784,0.03864
0.57286,0.0395
0.57788,0.04038
0.58291,0.04128
0.58794,0.0422
0.59296,0.04314
0.59799,0.04409
0.60301,0.04506
0.60804,0.04606
0.61306,0.04708
0.61809,0.04812
0.62311,0.04918
0.62814,0.05027
0.63317,0.05137
0.63819,0.05249
0.64321,0.05363
0.64824,0.0548
0.65327,0.05601
0.65829,0.05725
0.66331,0.05853
0.66835,0.05984
0.67337,0.06117
0.67839,0.06255
0.68341,0.06396
0.68845,0.0654
0.69347,0.06688
0.69849,0.0684
0.70351,0.06996
0.70855,0.07156
0.71357,0.0732
0.71859,0.07489
0.72361,0.07663
0.72863,0.07841
0.73367,0.08025
0.73869,0.08214
0.74371,0.08408
0.74873,0.08609
0.75377,0.08816
0.75879,0.09029
0.76381,0.09248
0.76883,0.09474
0.77387,0.09708
0.77889,0.09949
0.78391,0.10198
0.78893,0.10457
0.79397,0.10725
0.79899,0.11001
0.80401,0.11286
0.80904,0.11583
0.81407,0.11889
0.81909,0.12206
0.82411,0.12535
0.82914,0.12878
0.83417,0.13234
0.83919,0.13604
0.84422,0.13989
0.84924,0.1439
0.85427,0.14811
0.85929,0.15251
0.86432,0.15711
0.86934,0.16198
0.87436,0.16711
0.8794,0.17253
0.88442,0.17823
0.88944,0.18423
0.89446,0.19053
0.8995,0.19722
0.90452,0.20436
0.90954,0.21198
0.91456,0.22011
0.9196,0.22883
0.92462,0.2382
0.92964,0.2483
0.93466,0.25918
0.9397,0.27107
0.94472,0.28412
0.94974,0.29849
0.95476,0.3146
0.9598,0.33263
0.96482,0.35264
0.96984,0.37508
0.97486,0.4014
0.9799,0.43322
0.98492,0.47321
0.98994,0.52819
0.99496,0.61695
1.0,1.0
