figura,titulo,porque_se_genera,svg,png
f01_paquete_vs_anio_convocatoria,El paquete anual no contiene solo procesos de ese anio,"Justifica la politica de ventana temporal. La diagonal deberia concentrar casi toda la masa si cada paquete trajera solo procesos de su anio. Las celdas fuera de la diagonal son procesos antiguos republicados, que inflarian la serie temporal con actividad que no ocurrio en esa fecha.",/home/germain/Documentos/Python_Projects/DataMining/PROYECTO/figs/f01_paquete_vs_anio_convocatoria.svg,/home/germain/Documentos/Python_Projects/DataMining/PROYECTO/figs/f01_paquete_vs_anio_convocatoria.png
f02_embudo_limpieza,Filas que sobreviven despues de cada politica de limpieza,Hace visible el costo en datos de cada decision del preprocesamiento. Las dos politicas que realmente recortan son el descarte de montos no positivos y la restriccion de la ventana temporal; el resto imputa o marca sin perder filas.,/home/germain/Documentos/Python_Projects/DataMining/PROYECTO/figs/f02_embudo_limpieza.svg,/home/germain/Documentos/Python_Projects/DataMining/PROYECTO/figs/f02_embudo_limpieza.png
f03_procesos_por_mes,"Procesos convocados por mes, 2023 a 2025","Primer control de la ventana temporal y base de la pregunta sobre estacionalidad. Un mes con caida abrupta indicaria un problema de cobertura del paquete, no una caida real de la contratacion.",/home/germain/Documentos/Python_Projects/DataMining/PROYECTO/figs/f03_procesos_por_mes.svg,/home/germain/Documentos/Python_Projects/DataMining/PROYECTO/figs/f03_procesos_por_mes.png
f04_monto_por_mes,"Monto convocado por mes, en millones de soles",Se separa del conteo de procesos porque son magnitudes de escalas distintas. Superponerlas en dos ejes verticales sugeriria una relacion que la figura no puede sostener.,/home/germain/Documentos/Python_Projects/DataMining/PROYECTO/figs/f04_monto_por_mes.svg,/home/germain/Documentos/Python_Projects/DataMining/PROYECTO/figs/f04_monto_por_mes.png
f05_estacionalidad_mes_anio,Procesos por mes y anio,"Aisla el patron de calendario del ruido de cada anio. Si hubiera apresuramiento de cierre presupuestal, diciembre deberia oscurecerse en las tres columnas a la vez, no en una sola.",/home/germain/Documentos/Python_Projects/DataMining/PROYECTO/figs/f05_estacionalidad_mes_anio.svg,/home/germain/Documentos/Python_Projects/DataMining/PROYECTO/figs/f05_estacionalidad_mes_anio.png
f06_distribucion_monto,"Distribucion del valor referencial, escala logaritmica",El monto abarca seis ordenes de magnitud. En escala lineal la figura seria una sola barra pegada al eje. El logaritmo es lo que hace legible el rango completo y lo que justifica haber aplicado el criterio de extremos sobre esa misma escala.,/home/germain/Documentos/Python_Projects/DataMining/PROYECTO/figs/f06_distribucion_monto.svg,/home/germain/Documentos/Python_Projects/DataMining/PROYECTO/figs/f06_distribucion_monto.png
f07_procesos_por_metodo,Procesos por metodo de contratacion,El metodo determina las reglas de competencia de cada proceso y es el corte con el que se interpreta cualquier medida de numero de postores. Tambien fija el grupo dentro del cual se imputo la mediana de postores.,/home/germain/Documentos/Python_Projects/DataMining/PROYECTO/figs/f07_procesos_por_metodo.svg,/home/germain/Documentos/Python_Projects/DataMining/PROYECTO/figs/f07_procesos_por_metodo.png
f08_monto_por_metodo,"Monto convocado por metodo de contratacion, miles de millones de soles","Se contrasta con la figura anterior a proposito: el metodo que mas procesos concentra no es el que mas dinero mueve, y esa diferencia es un hallazgo en si mismo.",/home/germain/Documentos/Python_Projects/DataMining/PROYECTO/figs/f08_monto_por_metodo.svg,/home/germain/Documentos/Python_Projects/DataMining/PROYECTO/figs/f08_monto_por_metodo.png
f09_nivel_gobierno,Volumen y monto por nivel de gobierno,"El nivel de gobierno es una variable derivada, no venia en el dato crudo. Esta figura verifica que la derivacion por expresion regular sobre el nombre de la entidad produjo grupos con tamanos razonables, y a la vez muestra el contraste entre quien convoca mas procesos y quien mueve mas dinero.",/home/germain/Documentos/Python_Projects/DataMining/PROYECTO/figs/f09_nivel_gobierno.svg,/home/germain/Documentos/Python_Projects/DataMining/PROYECTO/figs/f09_nivel_gobierno.png
f10_top_compradores,"Quince entidades con mayor monto convocado, millones de soles","Responde la mitad compradora de la pregunta de concentracion. Se ordena por monto y no por numero de procesos porque la pregunta es a donde va el dinero, no quien hace mas tramites.",/home/germain/Documentos/Python_Projects/DataMining/PROYECTO/figs/f10_top_compradores.svg,/home/germain/Documentos/Python_Projects/DataMining/PROYECTO/figs/f10_top_compradores.png
f11_top_proveedores,"Quince proveedores con mayor monto adjudicado, millones de soles",La mitad vendedora de la pregunta de concentracion. Se filtra por tiene_adjudicacion porque incluir procesos desiertos contaria como proveedor a un valor nulo.,/home/germain/Documentos/Python_Projects/DataMining/PROYECTO/figs/f11_top_proveedores.svg,/home/germain/Documentos/Python_Projects/DataMining/PROYECTO/figs/f11_top_proveedores.png
f12_lorenz_proveedores,Concentracion del monto adjudicado entre proveedores,"Convierte la pregunta de concentracion en una medida. El ranking dice quien esta arriba; la curva dice cuanto del total se lleva esa minoria, que es lo que realmente se pregunta.",/home/germain/Documentos/Python_Projects/DataMining/PROYECTO/figs/f12_lorenz_proveedores.svg,/home/germain/Documentos/Python_Projects/DataMining/PROYECTO/figs/f12_lorenz_proveedores.png
f13_gini_por_departamento,"Concentracion del gasto por departamento, coeficiente de Gini","Hace comparables mercados de tamanos muy distintos. El monto absoluto solo diria que Lima gasta mas; el Gini dice en que departamentos el gasto se reparte entre menos manos, que es la pregunta que interesa.",/home/germain/Documentos/Python_Projects/DataMining/PROYECTO/figs/f13_gini_por_departamento.svg,/home/germain/Documentos/Python_Projects/DataMining/PROYECTO/figs/f13_gini_por_departamento.png
f14_competencia_por_tramo,Competencia por tramo de monto,"Un diagrama de dispersion con 177 mil puntos seria una mancha. Agrupar por tramo y mirar la mediana muestra la tendencia sin perder la escala. Se excluyen los procesos cuyo numero de postores fue imputado, para que la relacion no la produzca la propia imputacion.",/home/germain/Documentos/Python_Projects/DataMining/PROYECTO/figs/f14_competencia_por_tramo.svg,/home/germain/Documentos/Python_Projects/DataMining/PROYECTO/figs/f14_competencia_por_tramo.png
f15_tamano_canasta,Numero de items distintos por proceso,"Decide si la Parte V es viable sobre esta definicion de transaccion. Una canasta de un solo item no aporta co-ocurrencia; si dominaran, habria que redefinir la transaccion antes de aplicar FP-Growth.",/home/germain/Documentos/Python_Projects/DataMining/PROYECTO/figs/f15_tamano_canasta.svg,/home/germain/Documentos/Python_Projects/DataMining/PROYECTO/figs/f15_tamano_canasta.png
f16_definicion_de_transaccion,"Canastas con al menos dos items, por definicion de transaccion","Es la figura que decide la Parte V. Solo las canastas con dos o mas items aportan co-ocurrencia, que es lo unico que A-Priori y FP-Growth pueden minar. Compara las tres definiciones candidatas sobre el mismo dato y deja la eleccion sustentada en una medida y no en una intuicion.",/home/germain/Documentos/Python_Projects/DataMining/PROYECTO/figs/f16_definicion_de_transaccion.svg,/home/germain/Documentos/Python_Projects/DataMining/PROYECTO/figs/f16_definicion_de_transaccion.png
f17_tiempos_rdd_vs_dataframe,"Tiempo de las mismas agregaciones en los dos estilos, segundos","Cuantifica el costo del estilo imperativo. La diferencia no es una preferencia de gusto: el camino RDD serializa cada fila hacia el interprete de Python y pierde todas las optimizaciones del planificador, y eso se mide.",/home/germain/Documentos/Python_Projects/DataMining/PROYECTO/figs/f17_tiempos_rdd_vs_dataframe.svg,/home/germain/Documentos/Python_Projects/DataMining/PROYECTO/figs/f17_tiempos_rdd_vs_dataframe.png
f18_efecto_shuffle_partitions,Tiempo de una agregacion segun el numero de particiones de barajado,"Aisla el efecto del parametro. Con ejecucion adaptativa Spark fusiona las particiones pequenas despues del barajado y el parametro casi deja de importar; sin ella, el costo de planificar y lanzar cientos de tareas diminutas se vuelve visible. Medir las dos configuraciones es lo que permite atribuir la diferencia al mecanismo correcto y no al azar.",/home/germain/Documentos/Python_Projects/DataMining/PROYECTO/figs/f18_efecto_shuffle_partitions.svg,/home/germain/Documentos/Python_Projects/DataMining/PROYECTO/figs/f18_efecto_shuffle_partitions.png
