departamento,monto_mm,procesos
LIMA,118184.28,52896
LORETO,11432.88,4040
JUNIN,10878.27,6967
PIURA,8664.66,6284
CUSCO,8635.1,17229
LA LIBERTAD,8622.58,6451
PASCO,8452.24,2368
AREQUIPA,7814.88,7143
ANCASH,7779.61,9214
CAJAMARCA,6791.52,6309
AYACUCHO,5628.12,7016
PUNO,5359.58,8119
LAMBAYEQUE,4998.24,3233
SAN MARTIN,4568.17,3758
HUANCAVELICA,4526.5,3538
ICA,4516.33,3787
HUANUCO,4449.41,5044
CALLAO,3227.68,3693
AMAZONAS,3106.77,2617
TACNA,2796.76,2979
UCAYALI,2714.82,3413
APURIMAC,2426.6,5559
MOQUEGUA,1538.45,3276
TUMBES,1009.73,1029
MADRE DE DIOS,482.94,1436
