departamento,monto_millones,procesos
LIMA,118184.3,52896
LORETO,11432.9,4040
JUNIN,10878.3,6967
PIURA,8664.7,6284
CUSCO,8635.1,17229
LA LIBERTAD,8622.6,6451
PASCO,8452.2,2368
AREQUIPA,7814.9,7143
ANCASH,7779.6,9214
CAJAMARCA,6791.5,6309
AYACUCHO,5628.1,7016
PUNO,5359.6,8119
LAMBAYEQUE,4998.2,3233
SAN MARTIN,4568.2,3758
HUANCAVELICA,4526.5,3538
ICA,4516.3,3787
HUANUCO,4449.4,5044
CALLAO,3227.7,3693
AMAZONAS,3106.8,2617
TACNA,2796.8,2979
UCAYALI,2714.8,3413
APURIMAC,2426.6,5559
MOQUEGUA,1538.4,3276
TUMBES,1009.7,1029
MADRE DE DIOS,482.9,1436
