metodo,procesos,monto_mmm,postores_medio
Adjudicación Simplificada,82503,47.14319368378998,16.13715864877641
Subasta Inversa Electrónica,21150,10.001302542420001,8.231583924349883
Comparación de Precios,12555,0.8535547916799997,3.1368379131819992
Contratación Directa,11049,14.526648858569997,1.2264458322020093
Licitación Pública Abreviada,9601,6.320720890980003,13.612436204562025
Licitación Pública,9242,106.64247094958994,21.01861069032677
Concurso Público Abreviado,8926,1.920494453960001,14.552095003360968
Concurso Público,6627,27.13529540459999,26.07424173834314
Regímen Especial,4367,4.811726441439999,1.6365926265170598
Convenio,4009,10.28722967168,1.9768021950611125
Contratación Internacional,2981,1.3760767001199998,1.0801744381080174
Concurso Público de Servicios,974,2.85068143573,25.046201232032853
