columna,tipo,pct_nulos,distintos
proveedor_nombre,string,21.96,81955.0
proveedor_id,string,21.96,99896.0
n_postores,double,8.26,181.0
fecha,timestamp,0.0,220289.0
ocid,string,0.0,276949.0
comprador_id,string,0.0,3076.0
periodo_archivo,string,0.0,3.0
categoria,string,0.0,3.0
objeto,string,0.0,237298.0
fecha_registro,timestamp,0.0,277238.0
metodo,string,0.0,59.0
moneda,string,0.0,7.0
anio,int,0.0,13.0
monto_pen,double,0.0,156075.0
comprador_nombre,string,0.0,3076.0
anio_mes,string,0.0,145.0
mes,int,0.0,12.0
nivel_gobierno,string,0.0,9.0
n_proveedores,bigint,0.0,36.0
items,array<string>,0.0,
n_items,bigint,0.0,67.0
departamento,string,0.0,25.0
adjudicado,boolean,0.0,2.0
