metodo,postores_medio,procesos
Adjudicación Simplificada - Ley N° 31579,29.0,1
Adjudicación Simplificada - Ley N° 31589,28.38,8
Adjudicación Simplificada-Decreto Legislativo N° 1577,27.23,69
Concurso Público,26.5,6254
Concurso Público de Servicios,25.08,970
Procedimiento Especial de Contratación,24.08,520
Adjudicación Simplificada - Ley N° 31728,23.37,668
Licitación Pública,21.83,7953
Adjudicación Simplificada - Decreto Urgencia 012-2023,21.5,6
Concurso Público Abreviado - Ley N°26859,21.0,5
Concurso Público para Consultoría,20.83,368
Licitación Pública Abreviada Homologación,19.7,27
Adjudicación Simplificada - Decreto Urgencia 032-2023,18.72,477
Concurso Público Abreviado - Ley N°31589,18.5,2
Adjudicación Simplificada,16.33,78806
Procedimiento Especial de Contratación-Nueva Convocatoria por Desierto,14.74,132
Concurso Público Abreviado,14.6,8839
Licitación Pública Abreviada,13.66,9443
Adjudicación Simplificada-Homologación,13.05,673
Concurso Público Abreviado Homologación,12.92,38
Adjudicación Simplificada - Séptima Disposición Complementaria Final Reg. Ley 30225,12.7,30
Adjudicación Simplificada - Ley N° 31125,12.12,8
Licitación Pública Abreviada - Ley N°31589,10.5,2
Adjudicación Simplificada - Decreto Urgencia 034-2023,10.21,19
Subasta Inversa Electrónica,8.24,20958
Procedimiento de Contratación para Proceso Abierto,7.0,1
Licitación Pública Abreviada - Ley N°26859,5.17,6
Concurso Público Abreviado Séptima DCF Ley N°32069,4.67,3
Adjudicación Selectiva,3.58,19
Comparación de Precios,3.14,12483
Contratos Estandarizados,2.56,9
Licitación Pública Abreviada Séptima DCF Ley N°32069,2.5,2
Selección de Consultores Individuales,2.17,54
Convenio,2.08,3622
Regímen Especial,1.65,4268
Contratación Directa,1.23,10997
Contratación Internacional,1.08,2930
Adjudicación Abreviada,1.04,73
