columna,tipo,nulos,pct_nulos,distintos_aprox
monto_items,double,91964,32.67,114189.0
proveedor_principal_nombre,string,61818,21.96,81789.0
proveedor_principal_id,string,61807,21.96,99896.0
monto_adjudicado_principal,double,61807,21.96,129348.0
monto_adjudicado_total,double,61807,21.96,132978.0
n_postores,double,23240,8.26,181.0
metodo,string,22683,8.06,3.0
duracion_convocatoria_dias,double,17187,6.11,8.0
codigo_proceso,string,0,0.0,245695.0
objeto,string,0,0.0,240407.0
ocid,string,0,0.0,276949.0
fecha,timestamp,0,0.0,220289.0
fecha_publicacion,timestamp,0,0.0,277238.0
comprador_id,string,0,0.0,3076.0
periodo_archivo,string,0,0.0,3.0
moneda,string,3,0.0,7.0
monto_original,double,0,0.0,157179.0
monto_pen,double,0,0.0,156075.0
comprador_nombre,string,0,0.0,3063.0
categoria,string,0,0.0,3.0
metodo_detalle,string,0,0.0,59.0
anio_mes,string,0,0.0,145.0
mes,int,0,0.0,12.0
nivel_gobierno,string,0,0.0,9.0
anio,int,0,0.0,13.0
items_cubso,array<string>,0,0.0,
n_proveedores,bigint,0,0.0,36.0
familias_cubso,array<string>,0,0.0,
n_items,bigint,0,0.0,67.0
departamento,string,0,0.0,25.0
tiene_adjudicacion,boolean,0,0.0,2.0
