anio_mes,procesos,monto_millones
2023-01-01,316,483.13853251999996
2023-02-01,1995,3280.4248576200007
2023-03-01,5020,4802.8452484100035
2023-04-01,4704,4746.65578513
2023-05-01,6782,5836.617117599996
2023-06-01,6631,7543.901438890006
2023-07-01,5779,7194.954573950002
2023-08-01,6361,12128.740152809998
2023-09-01,6549,9025.949013410001
2023-10-01,7339,8282.77337044
2023-11-01,7166,9982.756434760002
2023-12-01,7280,12549.810566630007
2024-01-01,576,1872.1308992000002
2024-02-01,2722,3592.7647890900002
2024-03-01,3918,9201.72269125
2024-04-01,5354,5223.78446646
2024-05-01,5171,7444.174309360003
2024-06-01,4685,7438.809581430001
2024-07-01,5010,10635.07190854
2024-08-01,5605,8162.333770760006
2024-09-01,5616,9189.344539780006
2024-10-01,6223,8573.802159350003
2024-11-01,5242,7616.866402640004
2024-12-01,6498,14372.762889170004
2025-01-01,995,3334.3516456999987
2025-02-01,4202,5273.211615440001
2025-03-01,6995,5974.893787300003
2025-04-01,7656,10349.123780589998
2025-05-01,2273,2402.5516050499996
2025-06-01,4655,4013.8313931499997
2025-07-01,5689,9605.89368225
2025-08-01,6255,6272.7256801999965
2025-09-01,6066,9005.220515460003
2025-10-01,5748,7233.034364730003
2025-11-01,3380,3709.0678469500012
2025-12-01,942,2250.07808024
