proveedor_nombre,adjudicaciones,monto_mm
CONSORCIO SAN JUAN,122,1189.80611857
J Y S SERVICIOS GENERALES SOCIEDAD ANONIMA CERRADA ¿ J Y S SERVICIOS GENERALES SAC,1,1134.90948419
LABORATORIOS AMERICANOS S.A.,31,1067.41029488
RIMAC SEGUROS Y REASEGUROS,96,791.1341414499999
PETROLEOS DEL PERU S.A.,8,754.9171168099999
GEOSATELITAL PERU E.I.R.L. - GEOSATELITAL E.I.R.L.,23,751.68200389
CONSORCIO CASTILLA,8,692.80068164
CONSORCIO AGUA CASTILLA,1,659.10438053
IPESA S.A.C.,161,647.2376712099999
CONSORCIO PUENTE CHALACO,1,615.7951254
CONSORCIO HUASCARAN,20,593.3573931200001
CONSORCIO HUAYLAS,4,587.80462273
FERREYROS SOCIEDAD ANÓNIMA,188,581.1253354699999
INDUSTRIAS ARGUELLES Y SERVICIOS GENERALES SOCIEDAD ANONIMA CERRADA,12,562.85661514
"SINOHYDRO CORPORATION LIMITED, SUCURSAL DEL PERU",1,548.3
