comprador_nombre,procesos,monto_millones
MTC-PROYECTO ESPECIAL DE INFRAESTRUCTURA DE TRANSPORTE NACIONAL (PROVIAS NACIONAL),828,18742.376938880003
PROGRAMA AGUA SEGURA PARA LIMA Y CALLAO,70,8612.10500416
GOBIERNO REGIONAL DE JUNIN SEDE CENTRAL,1059,7438.84856295
SEGURO SOCIAL DE SALUD,3682,7208.80141421
GOBIERNO REGIONAL DE PASCO SEDE CENTRAL,516,7180.48461533
UNIDAD EJECUTORA 125 PROGRAMA NACIONAL DE INVERSIONES EN SALUD,129,6667.0502810299995
GOBIERNO REGIONAL DE LORETO - ORGANISMO PUBLICO INFRAESTRUCTURA PARA LA PRODUCTIVIDAD,68,6434.8286376900005
PROGRAMA NACIONAL DE SANEAMIENTO URBANO,406,5416.69143879
CENTRO NACIONAL DE ABASTECIMIENTO DE RECURSOS ESTRATEGICOS EN SALUD,659,4293.797182480001
MTC-PROYECTO ESPECIAL DE INFRAESTRUCTURA DE TRANSPORTE DESCENTRALIZADO - PROVIAS DESCENTRALIZADO,455,4232.385272750001
AUTORIDAD NACIONAL DE INFRAESTRUCTURA,79,3295.34564038
GOBIERNO REGIONAL DE AREQUIPA SEDE CENTRAL,1066,2617.27850207
GOBIERNO REGIONAL DE LA LIBERTAD SEDE CENTRAL,479,2609.6699794800006
GOBIERNO REGIONAL DE PUNO SEDE CENTRAL,2162,2578.24767201
GOBIERNO REGIONAL DE AYACUCHO SEDE CENTRAL,1907,2534.02997778
