ventana_N,exacto,dgim,error_relativo,cubos,memoria_dgim_bytes,memoria_exacta_bytes,dias_cubiertos,desde,hasta
500,200,193,0.035,10,160,62,25,2025-12-05,2025-12-30
1000,291,313,0.0756,13,208,125,31,2025-11-28,2025-12-30
2500,556,665,0.196,13,208,312,44,2025-11-15,2025-12-30
5000,879,793,0.0978,14,224,625,61,2025-10-29,2025-12-30
10000,1429,1561,0.0924,15,240,1250,89,2025-10-01,2025-12-30
20000,2498,2841,0.1373,16,256,2500,138,2025-08-14,2025-12-30
35000,4155,4377,0.0534,17,272,4375,238,2025-05-05,2025-12-30
50000,5959,7449,0.25,18,288,6250,304,2025-02-28,2025-12-30
75000,9504,11545,0.2148,19,304,9375,467,2024-09-18,2025-12-30
100000,12120,11545,0.0474,19,304,12500,614,2024-04-25,2025-12-30
150000,18043,17689,0.0196,20,320,18750,902,2023-07-12,2025-12-30
