antecedente,consecuente,soporte,confianza,lift
ACEITE VEGETAL COMESTIBLE + CONSERVA DE ENTERO DE SARDINA PERUANA O ANCHOV,LENTEJA CALIDAD SUPERIOR,0.00221,0.53012,138.88459
ACEITE VEGETAL COMESTIBLE + ARROZ PILADO SUPERIOR,LENTEJA CALIDAD SUPERIOR,0.00221,0.47312,123.95076
LENTEJA CALIDAD SUPERIOR + CONSERVA DE ENTERO DE SARDINA PERUANA O ANCHOV,ACEITE VEGETAL COMESTIBLE,0.00221,0.89796,118.40573
CONSERVA DE ENTERO DE SARDINA PERUANA O ANCHOV + ARROZ PILADO SUPERIOR + HOJUELA DE CEREAL Y/O LEGUMINOSAS ENRIQUECIDO,ACEITE VEGETAL COMESTIBLE,0.00211,0.89362,117.83317
LENTEJA CALIDAD SUPERIOR + ARROZ PILADO SUPERIOR,ACEITE VEGETAL COMESTIBLE,0.00221,0.8,105.48874
CONSERVA DE ENTERO DE SARDINA PERUANA O ANCHOV + ARROZ PILADO SUPERIOR,LENTEJA CALIDAD SUPERIOR,0.00216,0.40187,105.28443
MOTONIVELADORA CON HOJA DE 4.3 M,RODILLO COMPACTADOR VIBRATORIO LISO SIMPLE DE ,0.00256,0.52041,102.59254
RODILLO COMPACTADOR VIBRATORIO LISO SIMPLE DE ,MOTONIVELADORA CON HOJA DE 4.3 M,0.00256,0.50495,102.59254
CONSERVA DE ENTERO DE SARDINA PERUANA O ANCHOV + HOJUELA DE CEREAL Y/O LEGUMINOSAS ENRIQUECIDO,ACEITE VEGETAL COMESTIBLE,0.00246,0.69014,91.00261
LENTEJA CALIDAD SUPERIOR,ACEITE VEGETAL COMESTIBLE,0.00261,0.68421,90.22063
ACEITE VEGETAL COMESTIBLE,LENTEJA CALIDAD SUPERIOR,0.00261,0.34437,90.22063
ARROZ PILADO SUPERIOR + HOJUELA DE CEREAL Y/O LEGUMINOSAS ENRIQUECIDO,ACEITE VEGETAL COMESTIBLE,0.00256,0.66234,87.33646
CONSERVA DE ENTERO DE SARDINA PERUANA O ANCHOV + ARROZ PILADO SUPERIOR,ACEITE VEGETAL COMESTIBLE,0.00336,0.62617,82.56712
LENTEJA CALIDAD SUPERIOR + ACEITE VEGETAL COMESTIBLE,CONSERVA DE ENTERO DE SARDINA PERUANA O ANCHOV,0.00221,0.84615,78.36172
ACEITE VEGETAL COMESTIBLE + ARROZ PILADO SUPERIOR + HOJUELA DE CEREAL Y/O LEGUMINOSAS ENRIQUECIDO,CONSERVA DE ENTERO DE SARDINA PERUANA O ANCHOV,0.00211,0.82353,76.26648
ACEITE VEGETAL COMESTIBLE + HOJUELA DE CEREAL Y/O LEGUMINOSAS ENRIQUECIDO,CONSERVA DE ENTERO DE SARDINA PERUANA O ANCHOV,0.00246,0.81667,75.63093
LENTEJA CALIDAD SUPERIOR + ARROZ PILADO SUPERIOR,CONSERVA DE ENTERO DE SARDINA PERUANA O ANCHOV,0.00216,0.78182,72.40364
ACEITE VEGETAL COMESTIBLE + ARROZ PILADO SUPERIOR,CONSERVA DE ENTERO DE SARDINA PERUANA O ANCHOV,0.00336,0.72043,66.71853
LENTEJA CALIDAD SUPERIOR,CONSERVA DE ENTERO DE SARDINA PERUANA O ANCHOV,0.00246,0.64474,59.70863
ARROZ PILADO SUPERIOR + HOJUELA DE CEREAL Y/O LEGUMINOSAS ENRIQUECIDO,CONSERVA DE ENTERO DE SARDINA PERUANA O ANCHOV,0.00236,0.61039,56.52776
LENTEJA CALIDAD SUPERIOR + CONSERVA DE ENTERO DE SARDINA PERUANA O ANCHOV,ARROZ PILADO SUPERIOR,0.00216,0.87755,53.92876
ACEITE VEGETAL COMESTIBLE + CONSERVA DE ENTERO DE SARDINA PERUANA O ANCHOV + HOJUELA DE CEREAL Y/O LEGUMINOSAS ENRIQUECIDO,ARROZ PILADO SUPERIOR,0.00211,0.85714,52.6746
ACEITE VEGETAL COMESTIBLE + HOJUELA DE CEREAL Y/O LEGUMINOSAS ENRIQUECIDO,ARROZ PILADO SUPERIOR,0.00256,0.85,52.23565
LENTEJA CALIDAD SUPERIOR + ACEITE VEGETAL COMESTIBLE,ARROZ PILADO SUPERIOR,0.00221,0.84615,51.99929
SEGURO DE VIDA LEY,SEGURO COMPLEMENTARIO DE TRABAJO DE RIESGO - S,0.00216,0.39091,51.54564
CONSERVA DE ENTERO DE SARDINA PERUANA O ANCHOV,ACEITE VEGETAL COMESTIBLE,0.00417,0.38605,50.90445
ACEITE VEGETAL COMESTIBLE,CONSERVA DE ENTERO DE SARDINA PERUANA O ANCHOV,0.00417,0.54967,50.90445
ACEITE VEGETAL COMESTIBLE + CONSERVA DE ENTERO DE SARDINA PERUANA O ANCHOV,ARROZ PILADO SUPERIOR,0.00336,0.80723,49.60721
LENTEJA CALIDAD SUPERIOR,ARROZ PILADO SUPERIOR,0.00276,0.72368,44.47308
MINICARGADOR FRONTAL DE 700 KG,CAMION VOLQUETE DE 15 M3,0.00271,0.37241,43.61842
CAMION VOLQUETE DE 15 M3,MINICARGADOR FRONTAL DE 700 KG,0.00271,0.31765,43.61842
MINICARGADOR FRONTAL DE 700 KG,RETROEXCAVADORA DE 0.3 M3 Y 1.1 M3,0.00221,0.30345,41.38328
RETROEXCAVADORA DE 0.3 M3 Y 1.1 M3,MINICARGADOR FRONTAL DE 700 KG,0.00221,0.30137,41.38328
CONSERVA DE ENTERO DE SARDINA PERUANA O ANCHOV + HOJUELA DE CEREAL Y/O LEGUMINOSAS ENRIQUECIDO,ARROZ PILADO SUPERIOR,0.00236,0.66197,40.68062
ACEITE VEGETAL COMESTIBLE,ARROZ PILADO SUPERIOR,0.00467,0.61589,37.84897
RETROEXCAVADORA DE 0.3 M3 Y 1.1 M3,CAMION VOLQUETE DE 15 M3,0.00221,0.30137,35.2975
ARROZ PILADO SUPERIOR,CONSERVA DE ENTERO DE SARDINA PERUANA O ANCHOV,0.00537,0.33025,30.58394
CONSERVA DE ENTERO DE SARDINA PERUANA O ANCHOV,ARROZ PILADO SUPERIOR,0.00537,0.49767,30.58394
SERVICIO DE ALQUILER DE CAMIONETA + SERVICIO DE ALQUILER DE EXCAVADORA HIDRAULICA ,SERVICIO DE ALQUILER DE CAMION VOLQUETE,0.00231,0.4381,29.77104
SERVICIO DE MANTENIMIENTO CORRECTIVO DE EQUIPO,SERVICIO DE MANTENIMIENTO CORRECTIVO DE EQUIPO,0.00336,0.34359,27.69723
SERVICIO DE ALQUILER DE EXCAVADORA HIDRAULICA  + CEMENTO PORTLAND PUZOLANICO TIPO IP X 42.50 KG + DIESEL B5 S-50,SERVICIO DE ALQUILER DE CAMION VOLQUETE,0.00231,0.34074,23.15525
SERVICIO DE ALQUILER DE CAMION VOLQUETE + CEMENTO PORTLAND PUZOLANICO TIPO IP X 42.50 KG + DIESEL B5 S-50,SERVICIO DE ALQUILER DE EXCAVADORA HIDRAULICA ,0.00231,0.80702,20.76037
ARENA GRUESA + CEMENTO PORTLAND PUZOLANICO TIPO IP X 42.50 KG,PIEDRA LAJA,0.00251,0.32258,20.58623
SERVICIO DE ALQUILER DE CAMION VOLQUETE + SERVICIO DE ALQUILER DE CAMIONETA,SERVICIO DE ALQUILER DE EXCAVADORA HIDRAULICA ,0.00231,0.7931,20.40243
SERVICIO DE ALQUILER DE EXCAVADORA HIDRAULICA  + CEMENTO PORTLAND PUZOLANICO TIPO IP X 42.50 KG + DIESEL B5 S-50,PIEDRA LAJA,0.00211,0.31111,19.85427
ARENA GRUESA + CEMENTO PORTLAND PUZOLANICO TIPO IP X 42.50 KG,BARRA PARA CONSTRUCCION DE 1/2 IN GRADO 60,0.00306,0.39355,19.78773
SERVICIO DE ALQUILER DE CAMION VOLQUETE + DIESEL B5 S-50,SERVICIO DE ALQUILER DE EXCAVADORA HIDRAULICA ,0.00397,0.75238,19.35485
SERVICIO DE ALQUILER DE CAMION VOLQUETE + CEMENTO PORTLAND PUZOLANICO TIPO IP X 42.50 KG,SERVICIO DE ALQUILER DE EXCAVADORA HIDRAULICA ,0.00432,0.70492,18.13388
MADERA TORNILLO DE 1 1/2 IN X 1 1/2 IN X 10 FT + CEMENTO PORTLAND PUZOLANICO TIPO IP X 42.50 KG,BARRA PARA CONSTRUCCION DE 1/2 IN GRADO 60,0.00211,0.33871,17.03043
SERVICIO DE ALQUILER DE CAMION VOLQUETE,SERVICIO DE ALQUILER DE EXCAVADORA HIDRAULICA ,0.00889,0.6041,15.54024
ACEITE VEGETAL COMESTIBLE + CONSERVA DE ENTERO DE SARDINA PERUANA O ANCHOV + ARROZ PILADO SUPERIOR,HOJUELA DE CEREAL Y/O LEGUMINOSAS ENRIQUECIDO,0.00211,0.62687,15.14748
ACEITE VEGETAL COMESTIBLE + CONSERVA DE ENTERO DE SARDINA PERUANA O ANCHOV,HOJUELA DE CEREAL Y/O LEGUMINOSAS ENRIQUECIDO,0.00246,0.59036,14.2654
SERVICIO DE ALQUILER DE CAMIONETA + CEMENTO PORTLAND PUZOLANICO TIPO IP X 42.50 KG,SERVICIO DE ALQUILER DE EXCAVADORA HIDRAULICA ,0.00271,0.55102,14.17489
PIEDRA LAJA + CEMENTO PORTLAND PUZOLANICO TIPO IP X 42.50 KG + DIESEL B5 S-50,SERVICIO DE ALQUILER DE EXCAVADORA HIDRAULICA ,0.00211,0.53165,13.67648
LENTEJA CALIDAD SUPERIOR,HOJUELA DE CEREAL Y/O LEGUMINOSAS ENRIQUECIDO,0.00211,0.55263,13.3537
ACEITE VEGETAL COMESTIBLE + ARROZ PILADO SUPERIOR,HOJUELA DE CEREAL Y/O LEGUMINOSAS ENRIQUECIDO,0.00256,0.54839,13.25114
ASFALTO LIQUIDO CUT-BACK GRADO MC-30 + CEMENTO PORTLAND PUZOLANICO TIPO IP X 42.50 KG,SERVICIO DE ALQUILER DE EXCAVADORA HIDRAULICA ,0.00226,0.46392,11.93419
ASFALTO LIQUIDO CUT-BACK GRADO MC-30 + DIESEL B5 S-50,SERVICIO DE ALQUILER DE EXCAVADORA HIDRAULICA ,0.00231,0.46,11.83341
MATERIAL GRANULAR PARA AFIRMADO TIPO A-1 + DIESEL B5 S-50,SERVICIO DE ALQUILER DE EXCAVADORA HIDRAULICA ,0.00256,0.43966,11.31004
PIEDRA LAJA + DIESEL B5 S-50,SERVICIO DE ALQUILER DE EXCAVADORA HIDRAULICA ,0.00246,0.43363,11.155
BARRA PARA CONSTRUCCION DE 1/2 IN GRADO 60 + CEMENTO PORTLAND PUZOLANICO TIPO IP X 42.50 KG + DIESEL B5 S-50,SERVICIO DE ALQUILER DE EXCAVADORA HIDRAULICA ,0.00201,0.42105,10.8315
CONSERVA DE ENTERO DE SARDINA PERUANA O ANCHOV + ARROZ PILADO SUPERIOR,HOJUELA DE CEREAL Y/O LEGUMINOSAS ENRIQUECIDO,0.00236,0.43925,10.61402
SERVICIO DE ALQUILER DE CAMIONETA + DIESEL B5 S-50,SERVICIO DE ALQUILER DE EXCAVADORA HIDRAULICA ,0.00271,0.40909,10.52378
ACEITE VEGETAL COMESTIBLE,HOJUELA DE CEREAL Y/O LEGUMINOSAS ENRIQUECIDO,0.00301,0.39735,9.60152
PIEDRA LAJA + CEMENTO PORTLAND PUZOLANICO TIPO IP X 42.50 KG,SERVICIO DE ALQUILER DE EXCAVADORA HIDRAULICA ,0.00357,0.3641,9.36647
BARRA PARA CONSTRUCCION DE 1/2 IN GRADO 60 + DIESEL B5 S-50,SERVICIO DE ALQUILER DE EXCAVADORA HIDRAULICA ,0.00226,0.36,9.26093
ARENA GRUESA + BARRA PARA CONSTRUCCION DE 1/2 IN GRADO 60,CEMENTO PORTLAND PUZOLANICO TIPO IP X 42.50 KG,0.00306,0.91045,9.23951
MATERIAL GRANULAR PARA AFIRMADO TIPO A-1 + BARRA PARA CONSTRUCCION DE 1/2 IN GRADO 60,CEMENTO PORTLAND PUZOLANICO TIPO IP X 42.50 KG,0.00216,0.89583,9.0912
BARRA PARA CONSTRUCCION DE 1/2 IN GRADO 60 + SERVICIO DE ALQUILER DE EXCAVADORA HIDRAULICA  + DIESEL B5 S-50,CEMENTO PORTLAND PUZOLANICO TIPO IP X 42.50 KG,0.00201,0.88889,9.02073
"HOJUELA DE AVENA, QUINUA Y KIWICHA PRECOCIDA E",LECHE EVAPORADA ENTERA X 400 G APROX.,0.01602,0.69651,8.80517
MEZCLA FORTIFICADA DE HARINA DE CEREALES Y LEG,LECHE EVAPORADA ENTERA X 400 G APROX.,0.00708,0.69458,8.78083
SERVICIO DE LIMPIEZA DE AREAS ADMINISTRATIVAS ,SERVICIO DE SEGURIDAD Y VIGILANCIA,0.00487,0.32226,8.7777
CONSTRUCCION DE CENTROS EDUCATIVOS + SUPERVISION DE OBRA DE CONSTRUCCION DE CALLES  + ELABORACION DE EXPEDIENTE TECNICO DE OBRA PARA,CONSULTORIA PARA ELABORACION DE PERFIL DE PROY,0.00201,0.39216,8.71455
PIEDRA LAJA + SERVICIO DE ALQUILER DE EXCAVADORA HIDRAULICA  + DIESEL B5 S-50,CEMENTO PORTLAND PUZOLANICO TIPO IP X 42.50 KG,0.00211,0.85714,8.69856
MATERIAL GRANULAR PARA AFIRMADO TIPO A-1 + CEMENTO PORTLAND PUZOLANICO TIPO IP X 42.50 KG,SERVICIO DE ALQUILER DE EXCAVADORA HIDRAULICA ,0.00321,0.33161,8.53051
HOJUELA DE CEREAL Y/O LEGUMINOSAS ENRIQUECIDO,LECHE EVAPORADA ENTERA X 400 G APROX.,0.02792,0.67476,8.53022
LECHE EVAPORADA ENTERA X 400 G APROX.,HOJUELA DE CEREAL Y/O LEGUMINOSAS ENRIQUECIDO,0.02792,0.35302,8.53022
BARRA PARA CONSTRUCCION DE 1/2 IN GRADO 60 + SERVICIO DE ALQUILER DE EXCAVADORA HIDRAULICA ,CEMENTO PORTLAND PUZOLANICO TIPO IP X 42.50 KG,0.00306,0.83562,8.4801
LADRILLO DE ARCILLA KING KONG DE 10 CM X 14 CM + DIESEL B5 S-50,CEMENTO PORTLAND PUZOLANICO TIPO IP X 42.50 KG,0.00261,0.8254,8.37639
PIEDRA LAJA + BARRA PARA CONSTRUCCION DE 1/2 IN GRADO 60,CEMENTO PORTLAND PUZOLANICO TIPO IP X 42.50 KG,0.00206,0.82,8.32162
PIEDRA LAJA + SERVICIO DE ALQUILER DE EXCAVADORA HIDRAULICA ,CEMENTO PORTLAND PUZOLANICO TIPO IP X 42.50 KG,0.00357,0.81609,8.28196
PIEDRA LAJA + CONCRETO PREMEZCLADO FC 210 KG/CM2 CON CEMENTO,CEMENTO PORTLAND PUZOLANICO TIPO IP X 42.50 KG,0.00206,0.80392,8.15845
PIEDRA LAJA + MATERIAL GRANULAR PARA AFIRMADO TIPO A-1,CEMENTO PORTLAND PUZOLANICO TIPO IP X 42.50 KG,0.00216,0.7963,8.08107
"HOJUELA DE AVENA, QUINUA Y KIWICHA PRECOCIDA E + DIESEL B5 S-50",LECHE EVAPORADA ENTERA X 400 G APROX.,0.00226,0.6338,8.01247
CONSERVA DE ENTERO DE SARDINA PERUANA O ANCHOV,HOJUELA DE CEREAL Y/O LEGUMINOSAS ENRIQUECIDO,0.00357,0.33023,7.97969
CONSULTORIA PARA ELABORACION DE PERFIL DE PROY + SUPERVISION DE OBRA DE CONSTRUCCION DE CALLES  + ELABORACION DE EXPEDIENTE TECNICO DE OBRA PARA,CONSTRUCCION DE CENTROS EDUCATIVOS,0.00201,0.41237,7.97932
ARENA GRUESA + PIEDRA LAJA,CEMENTO PORTLAND PUZOLANICO TIPO IP X 42.50 KG,0.00251,0.78125,7.92837
ARENA GRUESA + DIESEL B5 S-50,CEMENTO PORTLAND PUZOLANICO TIPO IP X 42.50 KG,0.00301,0.76923,7.8064
ARENA GRUESA + CEMENTO PORTLAND PUZOLANICO TIPO IP X 42.50 KG,SERVICIO DE ALQUILER DE EXCAVADORA HIDRAULICA ,0.00236,0.30323,7.80043
MADERA TORNILLO DE 1 1/2 IN X 1 1/2 IN X 10 FT + BARRA PARA CONSTRUCCION DE 1/2 IN GRADO 60,CEMENTO PORTLAND PUZOLANICO TIPO IP X 42.50 KG,0.00211,0.76364,7.74962
BARRA PARA CONSTRUCCION DE 1/2 IN GRADO 60 + DIESEL B5 S-50,CEMENTO PORTLAND PUZOLANICO TIPO IP X 42.50 KG,0.00477,0.76,7.71272
HORMIGON,CEMENTO PORTLAND PUZOLANICO TIPO IP X 42.50 KG,0.00291,0.74359,7.54619
MATERIAL GRANULAR PARA AFIRMADO TIPO A-1 + SERVICIO DE ALQUILER DE EXCAVADORA HIDRAULICA ,CEMENTO PORTLAND PUZOLANICO TIPO IP X 42.50 KG,0.00321,0.73563,7.46543
ARENA GRUESA + SERVICIO DE ALQUILER DE EXCAVADORA HIDRAULICA ,CEMENTO PORTLAND PUZOLANICO TIPO IP X 42.50 KG,0.00236,0.73438,7.45267
MADERA TORNILLO DE 1 1/2 IN X 1 1/2 IN X 10 FT + DIESEL B5 S-50,CEMENTO PORTLAND PUZOLANICO TIPO IP X 42.50 KG,0.00236,0.73438,7.45267
CONSTRUCCION DE CAMINO VECINAL + ELABORACION DE EXPEDIENTE TECNICO DE OBRA PARA,SUPERVISION DE OBRA DE CONSTRUCCION DE CALLES ,0.00291,0.59184,7.42537
CONSTRUCCION DE CAMINO VECINAL + ELABORACION DE EXPEDIENTE TECNICO DE OBRA PARA,SUPERVISION DE OBRA DE CONSTRUCCION DE CALLES ,0.00211,0.59155,7.42176
HOJUELA DE CEREAL Y/O LEGUMINOSAS ENRIQUECIDO + DIESEL B5 S-50,LECHE EVAPORADA ENTERA X 400 G APROX.,0.00357,0.58197,7.35717
BARRA PARA CONSTRUCCION DE 1/2 IN GRADO 60,CEMENTO PORTLAND PUZOLANICO TIPO IP X 42.50 KG,0.01411,0.7096,7.20121
CONCRETO PREMEZCLADO FC 210 KG/CM2 CON CEMENTO + DIESEL B5 S-50,CEMENTO PORTLAND PUZOLANICO TIPO IP X 42.50 KG,0.00352,0.70707,7.17558
PIEDRA LAJA + DIESEL B5 S-50,CEMENTO PORTLAND PUZOLANICO TIPO IP X 42.50 KG,0.00397,0.69912,7.09484
ARENA GRUESA,CEMENTO PORTLAND PUZOLANICO TIPO IP X 42.50 KG,0.00778,0.68889,6.99106
LADRILLO DE ARCILLA KING KONG DE 10 CM X 14 CM,CEMENTO PORTLAND PUZOLANICO TIPO IP X 42.50 KG,0.00748,0.68037,6.90456
CONSULTORIA PARA ELABORACION DE PERFIL DE PROY + CONSTRUCCION DE CENTROS EDUCATIVOS + SUPERVISION DE OBRA DE CONSTRUCCION DE CALLES ,ELABORACION DE EXPEDIENTE TECNICO DE OBRA PARA,0.00201,0.8,6.84815
CONCRETO PREMEZCLADO FC 210 KG/CM2 CON CEMENTO + SERVICIO DE ALQUILER DE EXCAVADORA HIDRAULICA ,CEMENTO PORTLAND PUZOLANICO TIPO IP X 42.50 KG,0.00251,0.66667,6.76555
CONSTRUCCION DE CENTROS EDUCATIVOS + SUPERVISION DE OBRA DE CONSTRUCCION DE CALLES ,CONSULTORIA PARA ELABORACION DE PERFIL DE PROY,0.00251,0.3012,6.6934
CONSULTORIA PARA ELABORACION DE PERFIL DE PROY + CONSTRUCCION DE CENTROS EDUCATIVOS + ELABORACION DE EXPEDIENTE TECNICO DE OBRA PARA,SUPERVISION DE OBRA DE CONSTRUCCION DE CALLES ,0.00201,0.53333,6.69137
CONSTRUCCION DE CENTROS EDUCATIVOS + SUPERVISION DE OBRA DE CONSTRUCCION DE CALLES ,CONSTRUCCION DE CALLES CON PAVIMENTO,0.00251,0.3012,6.68594
CONSTRUCCION DE CENTROS EDUCATIVOS + ELABORACION DE EXPEDIENTE TECNICO DE OBRA PARA + ELABORACION DE EXPEDIENTE TECNICO DE OBRA PARA,SUPERVISION DE OBRA DE CONSTRUCCION DE CALLES ,0.00221,0.53012,6.65106
CONSTRUCCION DE CENTROS EDUCATIVOS + SUPERVISION DE OBRA DE CONSTRUCCION DE CALLES  + ELABORACION DE EXPEDIENTE TECNICO DE OBRA PARA,ELABORACION DE EXPEDIENTE TECNICO DE OBRA PARA,0.00221,0.77193,6.60787
MATERIAL GRANULAR PARA AFIRMADO TIPO A-1 + CONCRETO PREMEZCLADO FC 210 KG/CM2 CON CEMENTO,CEMENTO PORTLAND PUZOLANICO TIPO IP X 42.50 KG,0.00231,0.63889,6.48365
ASFALTO LIQUIDO CUT-BACK GRADO MC-30 + SERVICIO DE ALQUILER DE EXCAVADORA HIDRAULICA ,CEMENTO PORTLAND PUZOLANICO TIPO IP X 42.50 KG,0.00226,0.6338,6.43203
SERVICIO DE PRODUCCION Y REALIZACION DE EVENTO,SERVICIO DE ALQUILER DE INMUEBLE,0.00246,0.30625,6.36508
SUPERVISION DE OBRA DE CONSTRUCCION DE CALLES  + ELABORACION DE EXPEDIENTE TECNICO DE OBRA PARA + ELABORACION DE EXPEDIENTE TECNICO DE OBRA PARA,CONSTRUCCION DE CENTROS EDUCATIVOS,0.00221,0.32836,6.35368
PIEDRA LAJA,CEMENTO PORTLAND PUZOLANICO TIPO IP X 42.50 KG,0.00979,0.625,6.3427
CONSTRUCCION DE CALLES CON PAVIMENTO + ELABORACION DE EXPEDIENTE TECNICO DE OBRA PARA,SUPERVISION DE OBRA DE CONSTRUCCION DE CALLES ,0.00477,0.50265,6.30635
CONSTRUCCION DE CALLES CON PAVIMENTO + CONSTRUCCION DE CENTROS EDUCATIVOS,SUPERVISION DE OBRA DE CONSTRUCCION DE CALLES ,0.00251,0.4902,6.15015
GASOHOL REGULAR + LECHE EVAPORADA ENTERA X 400 G APROX.,DIESEL B5 S-50,0.00336,0.87013,6.06199
SERVICIO DE ALQUILER DE CAMION VOLQUETE + SERVICIO DE ALQUILER DE EXCAVADORA HIDRAULICA  + DIESEL B5 S-50,CEMENTO PORTLAND PUZOLANICO TIPO IP X 42.50 KG,0.00231,0.58228,5.90915
MATERIAL GRANULAR PARA AFIRMADO TIPO A-1 + DIESEL B5 S-50,CEMENTO PORTLAND PUZOLANICO TIPO IP X 42.50 KG,0.00336,0.57759,5.86153
BIODIGESTOR DE POLIETILENO DE 600 L,CEMENTO PORTLAND PUZOLANICO TIPO IP X 42.50 KG,0.00281,0.57143,5.79904
CONSULTORIA PARA ELABORACION DE PERFIL DE PROY + CONSTRUCCION DE CENTROS EDUCATIVOS,ELABORACION DE EXPEDIENTE TECNICO DE OBRA PARA,0.00377,0.65789,5.6317
SUPERVISION DE OBRA DE CONSTRUCCION DE PUENTES + CONSTRUCCION DE CENTROS EDUCATIVOS,ELABORACION DE EXPEDIENTE TECNICO DE OBRA PARA,0.00211,0.64615,5.5312
SERVICIO DE ALQUILER DE CAMION VOLQUETE + DIESEL B5 S-50,CEMENTO PORTLAND PUZOLANICO TIPO IP X 42.50 KG,0.00286,0.54286,5.50909
CONSULTORIA PARA ELABORACION DE PERFIL DE PROY + CONSTRUCCION DE CENTROS EDUCATIVOS,SUPERVISION DE OBRA DE CONSTRUCCION DE CALLES ,0.00251,0.4386,5.50277
CONSTRUCCION DE CALLES CON PAVIMENTO + ELABORACION DE EXPEDIENTE TECNICO DE OBRA PARA,SUPERVISION DE OBRA DE CONSTRUCCION DE CALLES ,0.00251,0.43478,5.45492
CONCRETO PREMEZCLADO FC 210 KG/CM2 CON CEMENTO,CEMENTO PORTLAND PUZOLANICO TIPO IP X 42.50 KG,0.00999,0.52368,5.31451
SERVICIO DE MANTENIMIENTO RUTINARIO DE CAMINOS + ELABORACION DE EXPEDIENTE TECNICO DE OBRA PARA,SUPERVISION DE OBRA DE CONSTRUCCION DE CALLES ,0.00331,0.42308,5.30806
ADOQUIN DE CONCRETO VEHICULAR LIGERO DE 20 CM ,CEMENTO PORTLAND PUZOLANICO TIPO IP X 42.50 KG,0.00457,0.52299,5.30745
MADERA TORNILLO DE 1 1/2 IN X 1 1/2 IN X 10 FT,CEMENTO PORTLAND PUZOLANICO TIPO IP X 42.50 KG,0.00623,0.51883,5.26524
CONSTRUCCION DE CENTROS EDUCATIVOS + SUPERVISION DE OBRA DE CONSTRUCCION DE CALLES ,ELABORACION DE EXPEDIENTE TECNICO DE OBRA PARA,0.00512,0.61446,5.25988
MATERIAL GRANULAR PARA AFIRMADO TIPO A-1,CEMENTO PORTLAND PUZOLANICO TIPO IP X 42.50 KG,0.00969,0.51743,5.25101
SERVICIO DE ALQUILER DE CAMIONETA + SERVICIO DE ALQUILER DE EXCAVADORA HIDRAULICA ,CEMENTO PORTLAND PUZOLANICO TIPO IP X 42.50 KG,0.00271,0.51429,5.21913
SUPERVISION DE OBRA DE CONSTRUCCION DE PUENTES + ELABORACION DE EXPEDIENTE TECNICO DE OBRA PARA,SUPERVISION DE OBRA DE CONSTRUCCION DE CALLES ,0.00342,0.40719,5.10868
AMPLIACION DE SISTEMA DE AGUA POTABLE Y DE SIS + SUPERVISION DE OBRA DE CONSTRUCCION DE CALLES ,ELABORACION DE EXPEDIENTE TECNICO DE OBRA PARA,0.00291,0.43609,4.97878
GASOHOL REGULAR,DIESEL B5 S-50,0.03475,0.71267,4.96498
CONSTRUCCION DE CAMINO VECINAL + ELABORACION DE EXPEDIENTE TECNICO DE OBRA PARA,ELABORACION DE EXPEDIENTE TECNICO DE OBRA PARA,0.00206,0.57746,4.94321
SERVICIO DE ALQUILER DE CAMION VOLQUETE + SERVICIO DE ALQUILER DE EXCAVADORA HIDRAULICA ,CEMENTO PORTLAND PUZOLANICO TIPO IP X 42.50 KG,0.00432,0.48588,4.93082
CONSTRUCCION DE CENTROS EDUCATIVOS + SUPERVISION DE OBRA DE CONSTRUCCION DE CALLES  + ELABORACION DE EXPEDIENTE TECNICO DE OBRA PARA,ELABORACION DE EXPEDIENTE TECNICO DE OBRA PARA,0.00221,0.43137,4.92492
AMPLIACION DE SISTEMA DE AGUA POTABLE Y DE SIS + ELABORACION DE EXPEDIENTE TECNICO DE OBRA PARA,ELABORACION DE EXPEDIENTE TECNICO DE OBRA PARA,0.00352,0.42945,4.90295
ASFALTO LIQUIDO CUT-BACK GRADO MC-30 + DIESEL B5 S-50,CEMENTO PORTLAND PUZOLANICO TIPO IP X 42.50 KG,0.00241,0.48,4.87119
CONSTRUCCION DE CAMINO VECINAL + ELABORACION DE EXPEDIENTE TECNICO DE OBRA PARA,ELABORACION DE EXPEDIENTE TECNICO DE OBRA PARA,0.00206,0.41837,4.77644
AMPLIACION DE SISTEMA DE AGUA POTABLE Y DE SIS + ELABORACION DE EXPEDIENTE TECNICO DE OBRA PARA,SUPERVISION DE OBRA DE CONSTRUCCION DE CALLES ,0.00311,0.38037,4.77222
CONSTRUCCION DE CENTROS EDUCATIVOS + ELABORACION DE EXPEDIENTE TECNICO DE OBRA PARA,SUPERVISION DE OBRA DE CONSTRUCCION DE CALLES ,0.00286,0.37748,4.73603
SERVICIO DE ALQUILER DE EXCAVADORA HIDRAULICA  + DIESEL B5 S-50,CEMENTO PORTLAND PUZOLANICO TIPO IP X 42.50 KG,0.00678,0.46392,4.70798
CONSTRUCCION DE CENTROS EDUCATIVOS + ELABORACION DE EXPEDIENTE TECNICO DE OBRA PARA,ELABORACION DE EXPEDIENTE TECNICO DE OBRA PARA,0.00417,0.54967,4.70527
CONSULTORIA PARA ELABORACION DE PERFIL DE PROY + SUPERVISION DE OBRA DE CONSTRUCCION DE CALLES ,ELABORACION DE EXPEDIENTE TECNICO DE OBRA PARA,0.00487,0.54802,4.69118
CONSTRUCCION DE CAMINO VECINAL,SUPERVISION DE OBRA DE CONSTRUCCION DE CALLES ,0.00809,0.37269,4.67583
BARRA PARA CONSTRUCCION DE 1/2 IN GRADO 60 + SERVICIO DE ALQUILER DE EXCAVADORA HIDRAULICA  + CEMENTO PORTLAND PUZOLANICO TIPO IP X 42.50 KG,DIESEL B5 S-50,0.00201,0.65574,4.56837
SUPERVISION DE OBRA DE CONSTRUCCION DE PUENTES + SUPERVISION DE OBRA DE CONSTRUCCION DE CALLES ,ELABORACION DE EXPEDIENTE TECNICO DE OBRA PARA,0.00342,0.53125,4.5476
ASFALTO LIQUIDO CUT-BACK GRADO MC-30 + SERVICIO DE ALQUILER DE EXCAVADORA HIDRAULICA ,DIESEL B5 S-50,0.00231,0.64789,4.51368
CONSTRUCCION DE COBERTURA CON PLANCHA METALICA + DIESEL B5 S-50,CEMENTO PORTLAND PUZOLANICO TIPO IP X 42.50 KG,0.00256,0.44348,4.50056
SUPERVISION DE OBRA DE CONSTRUCCION DE PUENTES + ELABORACION DE EXPEDIENTE TECNICO DE OBRA PARA,SUPERVISION DE OBRA DE CONSTRUCCION DE CALLES ,0.00241,0.35556,4.46091
GASOHOL REGULAR + ELABORACION DE EXPEDIENTE TECNICO DE OBRA PARA,DIESEL B5 S-50,0.00246,0.63636,4.43339
CONSTRUCCION DE CANALES DE RIEGO,ELABORACION DE EXPEDIENTE TECNICO DE OBRA PARA,0.00819,0.3881,4.43083
AMPLIACION DE SISTEMA DE AGUA POTABLE Y DE SIS + DIESEL B5 S-50,ELABORACION DE EXPEDIENTE TECNICO DE OBRA PARA,0.00216,0.38739,4.42275
CONSTRUCCION DE PARQUES Y PLAZAS + SUPERVISION DE OBRA DE CONSTRUCCION DE CALLES ,ELABORACION DE EXPEDIENTE TECNICO DE OBRA PARA,0.00286,0.51351,4.39577
CONSTRUCCION DE CALLES CON PAVIMENTO + CONSTRUCCION DE CENTROS EDUCATIVOS,ELABORACION DE EXPEDIENTE TECNICO DE OBRA PARA,0.00261,0.5098,4.36402
CONSULTORIA PARA ELABORACION DE PERFIL DE PROY + ELABORACION DE EXPEDIENTE TECNICO DE OBRA PARA,SUPERVISION DE OBRA DE CONSTRUCCION DE CALLES ,0.00487,0.34276,4.30033
BARRA PARA CONSTRUCCION DE 1/2 IN GRADO 60 + SERVICIO DE ALQUILER DE EXCAVADORA HIDRAULICA ,DIESEL B5 S-50,0.00226,0.61644,4.29458
SUPERVISION DE OBRA DE CONSTRUCCION DE PUENTES + SUPERVISION DE OBRA DE CONSTRUCCION DE CALLES ,ELABORACION DE EXPEDIENTE TECNICO DE OBRA PARA,0.00241,0.375,4.28132
CONSTRUCCION DE LOSA DEPORTIVA + SUPERVISION DE OBRA DE CONSTRUCCION DE CALLES ,ELABORACION DE EXPEDIENTE TECNICO DE OBRA PARA,0.00286,0.5,4.28009
CONSTRUCCION DE CENTROS EDUCATIVOS + AMPLIACION DE SISTEMA DE AGUA POTABLE Y DE SIS,ELABORACION DE EXPEDIENTE TECNICO DE OBRA PARA,0.00206,0.37273,4.25537
SERVICIO DE ALQUILER DE CAMION VOLQUETE,CEMENTO PORTLAND PUZOLANICO TIPO IP X 42.50 KG,0.00613,0.41638,4.22558
CONSULTORIA PARA ELABORACION DE PERFIL DE PROY + ELABORACION DE EXPEDIENTE TECNICO DE OBRA PARA,SUPERVISION DE OBRA DE CONSTRUCCION DE CALLES ,0.00251,0.33557,4.21017
CONSTRUCCION DE PARQUES Y PLAZAS + ELABORACION DE EXPEDIENTE TECNICO DE OBRA PARA,SUPERVISION DE OBRA DE CONSTRUCCION DE CALLES ,0.00286,0.33529,4.20671
ELABORACION DE EXPEDIENTE TECNICO DE OBRA PARA + ELABORACION DE EXPEDIENTE TECNICO DE OBRA PARA,SUPERVISION DE OBRA DE CONSTRUCCION DE CALLES ,0.00673,0.33416,4.19253
SERVICIO DE FABRICACION DE PUERTAS Y VENTANAS ,CEMENTO PORTLAND PUZOLANICO TIPO IP X 42.50 KG,0.00367,0.40782,4.1387
CONSULTORIA PARA ELABORACION DE PERFIL DE PROY + ELABORACION DE EXPEDIENTE TECNICO DE OBRA PARA,ELABORACION DE EXPEDIENTE TECNICO DE OBRA PARA,0.00362,0.48322,4.13647
PIEDRA LAJA + SERVICIO DE ALQUILER DE EXCAVADORA HIDRAULICA  + CEMENTO PORTLAND PUZOLANICO TIPO IP X 42.50 KG,DIESEL B5 S-50,0.00211,0.59155,4.12118
MATERIAL GRANULAR PARA AFIRMADO TIPO A-1 + SERVICIO DE ALQUILER DE EXCAVADORA HIDRAULICA ,DIESEL B5 S-50,0.00256,0.58621,4.08396
CONSTRUCCION DE CALLES CON PAVIMENTO,SUPERVISION DE OBRA DE CONSTRUCCION DE CALLES ,0.01462,0.32441,4.07021
SUPERVISION DE OBRA DE CONSTRUCCION DE PUENTES + ELABORACION DE EXPEDIENTE TECNICO DE OBRA PARA,ELABORACION DE EXPEDIENTE TECNICO DE OBRA PARA,0.00296,0.35329,4.0335
SUPERVISION DE OBRA DE CONSTRUCCION DE CALLES  + ELABORACION DE EXPEDIENTE TECNICO DE OBRA PARA,ELABORACION DE EXPEDIENTE TECNICO DE OBRA PARA,0.00673,0.47018,4.02479
AMPLIACION DE SISTEMA DE AGUA POTABLE Y DE SIS + SUPERVISION DE OBRA DE CONSTRUCCION DE CALLES ,ELABORACION DE EXPEDIENTE TECNICO DE OBRA PARA,0.00311,0.46617,3.99046
PIEDRA LAJA + SERVICIO DE ALQUILER DE EXCAVADORA HIDRAULICA ,DIESEL B5 S-50,0.00246,0.56322,3.92381
ASFALTO LIQUIDO CUT-BACK GRADO MC-30,CEMENTO PORTLAND PUZOLANICO TIPO IP X 42.50 KG,0.00487,0.38645,3.92186
SERVICIO DE ALQUILER DE CAMIONETA + DIESEL B5 S-50,CEMENTO PORTLAND PUZOLANICO TIPO IP X 42.50 KG,0.00256,0.38636,3.92094
CONSTRUCCION DE CENTROS EDUCATIVOS + SUPERVISION DE OBRA DE CONSTRUCCION DE CALLES ,ELABORACION DE EXPEDIENTE TECNICO DE OBRA PARA,0.00286,0.34337,3.92025
SERVICIO DE ALQUILER DE EXCAVADORA HIDRAULICA ,CEMENTO PORTLAND PUZOLANICO TIPO IP X 42.50 KG,0.01487,0.38243,3.88101
AMPLIACION DE SISTEMA DE AGUA POTABLE Y DE SIS,ELABORACION DE EXPEDIENTE TECNICO DE OBRA PARA,0.01843,0.33856,3.8653
CONSTRUCCION DE LOSA DEPORTIVA + ELABORACION DE EXPEDIENTE TECNICO DE OBRA PARA,ELABORACION DE EXPEDIENTE TECNICO DE OBRA PARA,0.00231,0.44231,3.78624
CONSTRUCCION DE LOSA DEPORTIVA + CONSTRUCCION DE CENTROS EDUCATIVOS,ELABORACION DE EXPEDIENTE TECNICO DE OBRA PARA,0.00231,0.4381,3.75018
SUPERVISION DE OBRA DE CONSTRUCCION DE PUENTES + ELABORACION DE EXPEDIENTE TECNICO DE OBRA PARA,ELABORACION DE EXPEDIENTE TECNICO DE OBRA PARA,0.00296,0.43704,3.74112
SERVICIO DE ALQUILER DE CAMION VOLQUETE + SERVICIO DE ALQUILER DE EXCAVADORA HIDRAULICA  + CEMENTO PORTLAND PUZOLANICO TIPO IP X 42.50 KG,DIESEL B5 S-50,0.00231,0.53488,3.72641
CONSTRUCCION DE CALLES CON PAVIMENTO + ELABORACION DE EXPEDIENTE TECNICO DE OBRA PARA,ELABORACION DE EXPEDIENTE TECNICO DE OBRA PARA,0.00251,0.43478,3.72182
SERVICIO DE ALQUILER DE CAMIONETA + CEMENTO PORTLAND PUZOLANICO TIPO IP X 42.50 KG,DIESEL B5 S-50,0.00256,0.52041,3.62556
SERVICIO DE ALQUILER DE CAMIONETA + SERVICIO DE ALQUILER DE EXCAVADORA HIDRAULICA ,DIESEL B5 S-50,0.00271,0.51429,3.58291
SERVICIO DE FABRICACION DE TECHO DE ESTRUCTURA,CEMENTO PORTLAND PUZOLANICO TIPO IP X 42.50 KG,0.00472,0.35075,3.55948
CONSTRUCCION DE CENTROS EDUCATIVOS + AMPLIACION DE SISTEMA DE AGUA POTABLE Y DE SIS,ELABORACION DE EXPEDIENTE TECNICO DE OBRA PARA,0.00226,0.40909,3.5019
ASFALTO LIQUIDO CUT-BACK GRADO MC-30 + CEMENTO PORTLAND PUZOLANICO TIPO IP X 42.50 KG,DIESEL B5 S-50,0.00241,0.49485,3.44747
CONSTRUCCION DE CENTROS EDUCATIVOS,ELABORACION DE EXPEDIENTE TECNICO DE OBRA PARA,0.02014,0.3897,3.33589
CONSTRUCCION DE CENTROS EDUCATIVOS + DIESEL B5 S-50,ELABORACION DE EXPEDIENTE TECNICO DE OBRA PARA,0.00216,0.38393,3.2865
SERVICIO DE ALQUILER DE CAMION VOLQUETE + CEMENTO PORTLAND PUZOLANICO TIPO IP X 42.50 KG,DIESEL B5 S-50,0.00286,0.46721,3.25496
SERVICIO DE ALQUILER DE EXCAVADORA HIDRAULICA  + CEMENTO PORTLAND PUZOLANICO TIPO IP X 42.50 KG,DIESEL B5 S-50,0.00678,0.45608,3.17741
GEOMEMBRANA DE HDPE DE 1.5 MM,CEMENTO PORTLAND PUZOLANICO TIPO IP X 42.50 KG,0.00231,0.31081,3.15421
SUPERVISION DE OBRA DE CONSTRUCCION DE CALLES  + CEMENTO PORTLAND PUZOLANICO TIPO IP X 42.50 KG,ELABORACION DE EXPEDIENTE TECNICO DE OBRA PARA,0.00211,0.36842,3.15375
SERVICIO DE ALQUILER DE CAMION VOLQUETE + SERVICIO DE ALQUILER DE EXCAVADORA HIDRAULICA ,DIESEL B5 S-50,0.00397,0.44633,3.10946
CONSTRUCCION DE CAMINO VECINAL + SUPERVISION DE OBRA DE CONSTRUCCION DE CALLES ,ELABORACION DE EXPEDIENTE TECNICO DE OBRA PARA,0.00291,0.36025,3.08379
CONSTRUCCION DE COBERTURA CON PLANCHA METALICA + CEMENTO PORTLAND PUZOLANICO TIPO IP X 42.50 KG,DIESEL B5 S-50,0.00256,0.41463,2.88866
PIEDRA LAJA + CEMENTO PORTLAND PUZOLANICO TIPO IP X 42.50 KG,DIESEL B5 S-50,0.00397,0.40513,2.82243
CONSTRUCCION DE CALLES CON PAVIMENTO + SUPERVISION DE OBRA DE CONSTRUCCION DE CALLES ,ELABORACION DE EXPEDIENTE TECNICO DE OBRA PARA,0.00477,0.32646,2.79456
ASFALTO LIQUIDO CUT-BACK GRADO MC-30,DIESEL B5 S-50,0.00502,0.39841,2.7756
CONSULTORIA PARA ELABORACION DE PERFIL DE PROY,ELABORACION DE EXPEDIENTE TECNICO DE OBRA PARA,0.01421,0.31585,2.70372
SUPERVISION DE OBRA DE CONSTRUCCION DE CALLES  + DIESEL B5 S-50,ELABORACION DE EXPEDIENTE TECNICO DE OBRA PARA,0.00296,0.31551,2.70081
ARENA GRUESA + CEMENTO PORTLAND PUZOLANICO TIPO IP X 42.50 KG,DIESEL B5 S-50,0.00301,0.3871,2.69681
MADERA TORNILLO DE 1 1/2 IN X 1 1/2 IN X 10 FT + CEMENTO PORTLAND PUZOLANICO TIPO IP X 42.50 KG,DIESEL B5 S-50,0.00236,0.37903,2.64063
SERVICIO DE ALQUILER DE EXCAVADORA HIDRAULICA ,DIESEL B5 S-50,0.01462,0.37597,2.61929
CONSTRUCCION DE PARQUES Y PLAZAS,ELABORACION DE EXPEDIENTE TECNICO DE OBRA PARA,0.00854,0.30576,2.61732
PIEDRA LAJA,DIESEL B5 S-50,0.00568,0.36218,2.52322
SERVICIO DE ALQUILER DE CAMION VOLQUETE,DIESEL B5 S-50,0.00527,0.35836,2.49662
CONCRETO PREMEZCLADO FC 210 KG/CM2 CON CEMENTO + CEMENTO PORTLAND PUZOLANICO TIPO IP X 42.50 KG,DIESEL B5 S-50,0.00352,0.35176,2.45062
LADRILLO DE ARCILLA KING KONG DE 10 CM X 14 CM + CEMENTO PORTLAND PUZOLANICO TIPO IP X 42.50 KG,DIESEL B5 S-50,0.00261,0.34899,2.43135
MATERIAL GRANULAR PARA AFIRMADO TIPO A-1 + CEMENTO PORTLAND PUZOLANICO TIPO IP X 42.50 KG,DIESEL B5 S-50,0.00336,0.34715,2.41851
ARENA GRUESA,DIESEL B5 S-50,0.00392,0.34667,2.41514
BARRA PARA CONSTRUCCION DE 1/2 IN GRADO 60 + CEMENTO PORTLAND PUZOLANICO TIPO IP X 42.50 KG,DIESEL B5 S-50,0.00477,0.33808,2.35531
BARRA PARA CONSTRUCCION DE 1/2 IN GRADO 60,DIESEL B5 S-50,0.00628,0.31566,2.1991
MATERIAL GRANULAR PARA AFIRMADO TIPO A-1,DIESEL B5 S-50,0.00583,0.31099,2.16661
